"nome","resumo","coordenador"
"COMO VIVENCIAR SITUAÇÕES INTERPESSOAIS DE FORMA ADAPTATIVA NA UNIVERSIDADE: FATORES DE RISCO E PROTEÇÃO A SAÚDE MENTAL DO ESTUDANTE UNIVERSITÁRIO","As características dos universitários se modificaram visto a ofertas de vagas. Há muitos assalariados com escolaridade deficiente e bem diferenciados do adolescente recém saído do ensino médio. Além disso é sabido que a entrada na universidade incrementa o desencadeamento de sintomas de transtornos mentais. Este projeto contempla estudos que têm por objetivo estudar a adaptação acadêmica considerando variáveis protetivas a saúde mental as habilidades sociais e a regulação emocional.","Adriana Benevides Soares"
"INTERSEÇÕES: NEOLIBERALISMO BIOPOLÍTICA E EDUCAÇÃO","O presente projeto de iniciação científica se propõe a investigar as complexas relações entre neoliberalismo biopolítica e educação buscando compreender como esses fenômenos na contemporaneidade se articulam com as estruturas de poder e produção de subjetividade notadamente dos professores estudantes e seus projetos de futuro em meio a um cenário de profundas transformações sociais tecnológicas e culturais.","Adriano Negris Santos"
"A POLÍTICA EXTERNA E DE SEGURANÇA DO JAPÃO PARA O SUDESTE ASIÁTICO DURANTE A ERA ABE (2012-2020) ","Desde a ascensão de shinzo abe (2012-2020) o japão intensificou sua presença global e regional em resposta às alterações na balança de poder tanto na região quanto no cenário internacional. Nesse contexto o presente projeto de pesquisa tem como objetivo analisar a política externa e de segurança japonesa durante o governo de abe com foco na doutrina abe e suas interações com os países do sudeste asiático examinando os aspectos securitário econômico e cultural.","Alana Camoça Gonçalves De Oliveira"
"OS PARLAMENTOS HISPANO-MAPUCHE: PRÁTICAS COSMOPOLÍTICAS EM TERRAS AUSTRAIS DO CONTINENTE AMERICANO (SÉCULOS XVI-XIX)","Este projeto de pesquisa propõe uma nova interpretação historiográfica sobre os parlamentos hispano-mapuche durante o período colonial no chile. Se os parlamentos foram tradicionalmente compreendidos como uma imposição da colonialidade aos indígenas e uma ocidentalização da forma mapuche de fazer política busca-se agora pensá-los como uma modalidade de negociação cosmopolítica através da qual as sociedades espanhola e mapuche estabeleceram um espaço de comunicação de cunho diplomático.","Alessandra Gonzalez De Carvalho Seixlack"
"TEXTOS EM CONTEXTO: A PRODUÇÃO CIENTÍFICA NO CAMPO DA OCEANOGRAFIA DO CIENTISTA INGVAR EMILSSON (1953-1964)","O objeto de análise do projeto são as produções científicas de autoria do oceanógrafo ingvar emilsson e a sua contribuição para o processo de emergência e consolidação das ciências oceanográficas no brasil. Temos como objetivo principal a análise crítica e contextualizada das produções científicas do referido cientista. Este projeto será desenvolvido no âmbito do laboratório redes e insere-se no campo da história das ciências.","Alex Gonçalves Varela"
"A UNIVERSIDADE E SEUS CRÍTICOS: A CONSTRUÇÃO INTELECTUAL DO ANTI INTELECTUALISMO (1950-1990)","A pesquisa analisa nos marcos de uma história intelectual sociologicamente orientada o surgimento e a circulação de discursos críticos a universidade tal como concebida em seus formatos clássicos. Essas críticas veiculadas a partir de uma rede cultural formada a partir dos anos 1940 fazem parte de um projeto intelectual mais amplo descrito por alguns autores como neoliberalismo compreendido nessa investigação a partir de sua dimensão anti-institucional.","Alexandra Dias Ferraz Tedesco"
"UBERIZAÇÃO DO SERVIÇO DOMÉSTICO: TRABALHO INTERMEDIAÇÃO DIGITAL E RESISTÊNCIA","Este projeto de pesquisa objetiva analisar o processo de uberização do serviço doméstico por meio do qual trabalhadoras domésticas se tornam dependentes das plataformas digitais em termos de frequência com que irão ofertar seus serviços regras de conduta e remuneração. Busca-se fazer um levantamento dos principais aplicativos atuantes no brasil e examinar as condições de trabalho e as estratégias e formas de resistência vivenciadas pelas trabalhadoras em suas relações com essas empresas.","Alexandre Barbosa Fraga"
"EDUCAÇÃO E DIREITOS HUMANOS: UMA PESQUISA SOB A PERSPECTIVA DOS MULTILETRAMENTOS NO COMBATE À DESIGUALDADE SOCIAL","Este projeto busca desenvolver uma pesquisa nos/dos/com os cotidianos de escolas municipais de são gonçalo ao mesmo que tempo que pretende mapear e conhecer a produção dos coletivos audiovisuais deste município com o objetivo de promover a circulação de saberes por esses espaços tendo como fundamento a educação em direitos humanos dentro da perspectiva dos multiletramentos.","Alexandre Silva Guerreiro"
"DIREITOS HUMANOS E PRODUÇÃO DE SUBJETIVIDADE: ENTRE O CUIDADO A CLÍNICA E A POLÍTICA.","O agravamento das violações de direitos humanos no rj preocupa quanto ao impacto na saúde mental. Este projeto visa analisar os efeitos da violência estatal na subjetivação de pessoas em maioria negras moradoras de favelas e periferias e como se produz o cuidado com elas. Com uma pesquisa-intervenção institucionalista cartografaremos tais efeitos através de dispositivos clínico-políticos. Nossos interlocutores são autores pós-estruturalistas e decoloniais privilegiando a produção brasileira","Alice De Marchi Pereira De Souza"
"TRABALHO E FAMÍLIA:IDENTIDADE E SOCIABILIDADE EM TEMPOS DE PRECARIEDADE ","A pandemia resultou em desemprego e informalidade. A mídia apreende esse trabalho como: economia de bico empreendedorismo... A fala de um motoboy: estão tentando fazer da profissão um bico é reveladora pois traz a questão das identidades profissionais não mais certificadas por instituições privadas ou do estado mas por plataformas. O projeto de iniciação cientifica focado em etnografias com trabalhadores de aplicativos discutirá como se definem e pensam relações de trabalho e família.","Aline Gama De Almeida"
"ENLACES ENTRE EPISTEMOLOGIAS FEMINISTAS JUVENTUDES DISSIDENTES E ESPAÇOS EDUCACIONAIS JUSTOS: POR FORMAÇÕES DOCENTES PARA DIFERENÇA.","Através do balizamento teórico contido na interface entre o campo das geografias feministas e os desdobramentos relativos ao ensino de geografia e à formação docente objetivamos tecer em conjunto com as juventudes dissidentes uma cartografia sobre as experiências de constrangimento/ desconforto e a possibilidade de construção de afeto e segurança no cap-uerj. Para isso entendemos gênero e sexualidades como eixos fundantes na conformação de territórios existenciais mais justos e equânimes.","Ana Carolina Santos Barbosa"
"MATEMÁTICA PARA OS ANOS INICIAIS: NOVAS RELAÇÕES E SENTIDOS NA RETOMADA AO ENSINO PRESENCIAL DO CAP-UERJ","O projeto pretende investigar a aprendizagem matemática dos estudantes do cap-uerj dos anos iniciais do ensino fundamental após o retorno ao ensino presencial. Prevemos o envolvimento do bolsista em estudos teóricos assim como em observação em sala de aula das atividades e conteúdos matemáticos e nas rodas de conversa com os sujeitos da pesquisa. O bolsista agregará elementos ao seu processo formativo e compreender a pesquisa investigativa em seus diversos contextos.","Ana Lucia Gomes De Souza"
"CORPO E INCLUSÃO EM EDUCAÇÃO","O projeto corpo e inclusão em educação se propõe a mergulhar no universo do ""corpo consciente"" e explorá-lo como ferramenta fundamental para a construção de uma educação verdadeiramente inclusiva. Por meio de um estudo descritivo e qualitativo o projeto busca investigar as diversas dimensões do ""corpo consciente"" e sua relevância na formação integral de estudantes em diferentes níveis e modalidades de ensino. ","Ana Patricia Da Silva"
"ANTROPOLOGIA HISTÓRICA DO MEDIEVO LATINO. O CONCEITO DE PESSOA NA TEOLOGIA MÍSTICA CISTERCIENSE E FRANCISCANA. FONTES E METODOLOGIA.","Pretendemos analisar a relação entre natureza e graça intelecção e afetos constitutivos da noção de pessoa no sistema teológico cisterciense comparativamente ao discurso hagiográfico franciscano. Analisaremos nos tratados cistercienses e franciscanos a noção de pessoa nos tratados de bernardo de clairvaux e de aelred de rievaulx visando a comparação com a obra de são boaventura.","Ana Paula Lopes Pereira"
"PEDRAS PRA QUE TE QUERO. ESTUDOS LÍTICOS E CONTEXTUAIS DE PESCADORES PRÉ-COLONIAIS DO RIO DE JANEIRO","O presente projeto busca ampliar o conhecimento a respeito da vida material das primeiras pessoas que ocuparam o território do rio de janeiro tendo como ênfase aqueles produzidos a partir de rochas e minerais. Serão realizadas análises de artefatos líticos direcionados aos processos de produção e às evidências de utilizações com estudos de cadeias operatórias. As atividades desse projeto começarão com objetos dos sítios duna pequena e sambaqui camboinhas (niterói  rj).","Anderson Marques Garcia"
"SOBRE A FORMAÇÃO EM PSICOLOGIA SOCIAL NO BRASIL: POR UMA PERSPECTIVA INTEGRADA ENTRE AS VERTENTES.","Neste projeto se discute a formação em psicologia a partir da integração das perspectivas mais importantes da psicologia social. A perspectiva psicológica representada pela cognição social (cs) e a perspectiva sociológica representada pela sua teoria mais emblemática a teoria das representações sociais (trs).","Anderson Pereira Mendonça"
"LABORATÓRIO DE ENSINO LEONARDO DA VINCI (LEDEN): PERSPECTIVAS DE ENSINO HÍBRIDO E COLABORATIVO NA EDUCAÇÃO BÁSICA E NA FORMAÇÃO DE PROFESSORES","O projeto objetiva investigar questões relativas ao desenvolvimento de ambiente virtual de aprendizagem no que concerne experiências de ensino híbrido e colaborativo no escopo da educação básica e da formação de professores. Busca investigar perspectivas docentes e discentes frente ao desenho instrucional e pedagógico perpassando por aspectos técnicos e pedagógicos.","Andrea Da Silva Marques Ribeiro"
"A ESCRITA DE CRIANÇAS EM PROCESSOS DE ALFABETIZAÇÃO: NAS BORDAS DA PALAVRA","O objetivo da pesquisa é investigar aspectos da organização do discurso escrito de crianças em processos de alfabetização a partir da compreensão da complexidade da prática didático-pedagógica empreendida em aulas voltadas à produção de textos escritos em sala de aula de escolas públicas da baixada fluminense/rj. Os resultados podem mostrar aspectos linguístico-discursivos relevantes para a compreensão da organização dos discursos produzidos por crianças que vivem na periferia urbana.","Andrea Pessoa Dos Santos"
"AS RAZÕES DAS DECISÕES DE NATUREZA MORAL: O PAPEL DA EMPATIA","O comportamento moral se relaciona com o que se considera como certo ou errado em um determinado grupo. As interações sociais envolvem a divisão de recursos muitas vezes escassos. A pesquisa objetiva investigar como raciocinamos em dilemas sociais fictícios e que envolvem a obtenção de algum recurso. Os participantes com 18 anos ou mais irão responder a 21 situações fictícias que envolvem interesses pessoais e coletivos. As respostas poderão indicar a quem beneficiamos em variados contextos.","Angela Josefina Donato Oliva"
"IMPACTOS DAS RELAÇÕES DE GÊNERO RAÇA CLASSE E SEXUALIDADE NA APRENDIZAGEM HISTÓRICA DE ADOLESCENTES","Este projeto busca realizar um estudo de caso de tipo etnográfico no cap-uerj com o objetivo que responder às seguintes questões: como relações de gênero raça classe e sexualidade se expressam na aprendizagem histórica de estudantes adolescentes? Como esses elementos impactam nas relações que os estudantes estabelecem entre diferentes temporalidades nos sentidos que atribuem aos fenômenos históricos e nas formas como relacionam esses fenômenos ao seu cotidiano?","Bárbara Araújo Machado"
"AS CRIANÇAS COMO CURRICULISTAS: UM DIÁLOGO ENTRE POLÍTICAS E PRÁTICAS CURRICULARES E SEUS SENTIDOS PARA INFÂNCIA ","Encarando então a escola como esse espaço de interrelação e interpelação revisito minha prática que vem sendo desenvolvida com meus estudantes da educação básica (crianças) em sala de aula no instituto de aplicação fernandes rodrigues da silveira (cap/uerj) em diálogo com a perspectiva pós-estrutural do campo do currículo a fim de construir outras experiências escolares em que o currículo é entendido como responsabilidade e produção de todos inclusive das crianças.","Bonnie Axer"
"POR UMA ABORDAGEM TEÓRICO-METODOLÓGICA DESENVOLVENTE PARA O ENSINO: A FORMAÇÃO HUMANA COMO CENTRO DO PROCESSO PEDAGÓGICO","Trata-se de uma pesquisa qualitativa que conjuga caráter explicativo e interventivo que visa investigar a relação entre planejamento aprendizagem e desenvolvimento e propor uma abordagem para o ensino que tenha como foco central a formação humana. A pesquisa proposta contemplará diferentes procedimentos e instrumentos metodológicos tendo como participantes professores da educação básica e do ensino superior (exclusivamente cursos de licenciatura) e estudantes de cursos de licenciatura.","Bruna Molisani Ferreira Alves"
"DESIGUALDADE DE GÊNERO NOS PARTIDOS BRASILEIROS: CAUSAS E CONSEQUÊNCIAS","O brasil tem uma das menores participações políticas formais de mulheres. As razões incluem estereótipos desigualdade no financiamento eleitoral violência política e sistema eleitoral. Pouco se explora a relação entre cargos de direção partidária e a representação feminina. Este projeto analisa fatores que impactam a probabilidade de mulheres ocuparem cargos de direção partidária e seus efeitos nas candidaturas femininas utilizando um banco de dados de dirigentes partidários e eleições.","Bruno Marques Schaefer"
"EDUCAÇÃO INTEGRAL NOS ANOS INICIAIS DO ENSINO FUNDAMENTAL: A CONSTITUIÇÃO DA SUBJETIVIDADE","A pesquisa dialoga com os reflexos apresentados por teóricos da educação integral como anísio teixeira. Nosso lócus investigativo o cap-uerj nos permite refletir sobre múltiplas formas de desenvolver a integralidade: por meio da ampliação da jornada escolar; da formação de cidadãos críticos e socialmente ativos; do trabalho por projetos interdisciplinares favorecendo um currículo integrador e produtivo; da relação da tríade ensino pesquisa e extensão bem como tantos outros sentidos.","Camila Costa Gigante"
"O LIXO QUE SE MOVE ARQUEOLOGIA EM AMBIENTES COSTEIROS DE SÉCULO XX E XXI ","O projeto tem uma abordagem no âmbito dos estudos de área do ponto de vista teórico-metodológico institucional e político. Propõe trocas interinstitucionais e pesquisas sobre uma das linhas dentro campo dos estudos de cultura material: a linha de pesquisa sobre os estudos do lixo e sua relação com a arqueologia com foco no estudo de ambientes costeiros de século xx e xxi como estudos de caso que possam contribuir nas discussões com os projetos parceiros.","Camilla Agostini"
"PERCEPÇÃO DOS ESTUDANTES SOBRE O PROCESSO DE ENSINO-APRENDIZAGEM EM QUE ESTÃO INSERIDOS NAS AULAS DE CIÊNCIAS E BIOLOGIA","A não compreensão dos aspectos relacionados ao ensino de ciências e biologia faz com que os alunos considerem esses conteúdos difíceis o que é desestimulante para seu aprendizado. A proposta desse projeto é entender através de questionários como os estudantes do ensino básico percebem o processo ensino-aprendizagem em que estão inseridos e propor reflexões para os professores o que possivelmente irá aumentar o interesse dos estudantes na aprendizagem dos conteúdos de ciências e biologia.","Carolina Tavares Schumann"
"TRIBUNAL DO SANTO OFÍCIO DE GOA: UM TRABALHO COM O ACERVO DA BIBLIOTECA NACIONAL","A biblioteca nacional rj possui um importante acervo documental sobre a inquisição de goa original e raro uma vez que a maior parte da documentação referente às atividades do tribunal foi destruída. Já existe um catálogo produzido pela instituição com ementas referentes aos documentos. No entanto aquela massa documental tem de ser explorada de maneira mais sistematizada para se tornar base de um maior conhecimento. A proposta do presente trabalho é proceder a análise desse acervo documental","Celia Cristina Da Silva Tavares"
"INTELECTUAIS E CIRCULAÇÃO DE IDEIAS ENTRE O BRASIL E A FRANÇA (1870-1900)","O presente projeto tem por objetivo aprofundar nossas pesquisas sobre um grupo diversificado de brasileiros pertencentes à colônia brasileira de paris que nas três últimas décadas do império no brasil fixaram residência na frança como diplomatas comerciantes estudantes acadêmicos e homens de ciência cuja atividade por oficio ou por outras razões resultou em uma produção intelectual sobre o brasil e sua sociedade nas décadas finais do século xix.","Cláudio Antônio Santos Monteiro"
"POLÍTICA DE DEFESA SEGURANÇA INTERNACIONAL E FORÇAS ARMADAS BRASILEIRAS NO CONTEXTO SUB-REGIONAL PÓS-DITATORIAL: CONTINUIDADE E DESAFIOS ATUAIS","Este projeto refere-se à pesquisa e ensino do autor na área de defesa segurança internacional e forças armadas na américa latina. Ele é uma continuidade do que foi feito numa pesquisa de pós-doutorado feita em 2018. Aqui enfatizamos o brasil e a sua inserção sub-regional e a situação das forças armadas (ffaa) sul-americanas ao longo do tempo no âmbito da política internacional aos fins do século xx e início do século xxi. ","Claudio De Carvalho Sinveira"
"PROJETO MATEMÁTICA ANTIRRACISTA","As diretrizes curriculares nacionais para a educação das relações étnico-raciais indicam a inclusão de temáticas relacionadas às relações étnico-raciais e questões relativas aos afrodescendentes na formação docente. Alinhado a essas diretrizes este projeto tem como objetivo investigar como os livros didáticos da educação básica abordam essas temáticas entender a percepção dos licenciandos de matemática sobre esses assuntos e como produto final elaborar materiais didáticos afrorreferenciados.","Daniel De Oliveira Lima"
"EDUCANDO PARA A DEMOCRACIA: O PAPEL DA EPISTEMOLOGIA DAS VIRTUDES PARA UMA EDUCAÇÃO DEMOCRÁTICA","O presente projeto apresenta uma justificativa para o desenvolvimento de uma proposta de educação a partir de uma corrente da epistemologia contemporânea a saber a epistemologia das virtudes. O ponto central da argumentação seria o de que as virtudes epistêmicas poderiam criar cidadãos que estejam dispostos a busca da verdade e a dialogar pautado em evidências o que poderia evitar a propagação de fake news.","Daniel De Vasconcelos Costa"
"AS LINGUAGENS DA FORMAÇÃO HUMANA","O presente projeto visa resgatar e trazer para o nosso pensamento todas as realidades que ao longo da história a filosofia depositou no átopos no não-lugar a partir do conceito de pop'philosophie inaugurado pela obra de deleuze e guattari. No entanto o pop hoje não pode se limitar apenas à cultura popular de massas. Assim a análise proposta se volta para a revolução tecnológica ainda em curso para as artes epistemologias e modos de ser que sempre estiveram à margem da sociedade.","Danilo Bantim Frambach"
"MERCADO DE TRABALHO E PÚBLICAS DE GÊNERO E ETNIA: EM BUSCA DE UM DIÁLOGO NO CAMPO DOS DIREITOS HUMANOS","As políticas públicas de gêneroe etnia no brasil são resultado das transformações que vem ocorrendo na organização dos estados no cenário internacional por meio da organizacão das nações unidas (onu). A mudança de paradigma econômico centrado no desenvolvimento sustentável provoca estaspolíticas. As inovações exigidas implicam na apropriação de conceitos e abordagens como a das relações de gênero e etnia. O projeto tem como interesse analisar o potencial de mudança destas políticas.","Dayse De Paula Marques Da Silva"
"METODOLOGIAS ATIVAS DE APRENDIZAGEM COMO PROMOTORAS DA ALFABETIZAÇÃO CIENTÍFICA NO ENSINO DE CIÊNCIAS E BIOLOGIA","As metodologias ativas de aprendizagem representam estratégias educacionais capazes de colocar o aluno como protagonista do processo educacional possibilitando o desenvolvimento de habilidades como autonomia argumentação cooperação iniciativa e criticidade. Nesse contexto essa pesquisa visa investigar as potencialidades do uso de metodologias ativas de aprendizagem na educação básica e na formação docente a fim de contribuir para a alfabetização científica no ensino de ciências e biologia.","Débora De Aguiar Lage"
"ESPAÇOS EDUCATIVOS E OS DISPOSITIVOS PEDAGÓGICOS DE CINEMA: OUTRAS IMAGENS GRAFADAS NA DOCÊNCIA","O objetivo é investigar sobre discursos os espaços educativos das e nas imagens que circulam em formatos cinematográfico. A pesquisa busca suporte teórico em autores como veiga-neto migliorin didi-huberman massey foucault fischer entre outros. Assim intenciona o aprofundamento teórico sobre encontro entre geografias imagens e educação","Débora Schardosin Ferreira"
"INTELECTUAIS CATÓLICAS: EDUCAÇÃO CULTURA E POLÍTICA NOS CAMINHOS DE LEGITIMAÇÃO SABERES E MODOS FAZER DA CONDIÇÃO FEMININA (1920-1980)","Esta pesquisa busca analisar a participação das mulheres católicas nos debates intelectuais no brasil dos anos de 1920 a 1980 considerando três caminhos de ação privilegiadamente: circulação nacional e internacional pelas viagens empreendidas pela escrita e pelas redes de sociabilidade empreendidas. Espera-se poder contribuir para superar uma lacuna na história da educação onde o campo intelectual ainda aparece de forma predominantemente masculino.","Evelyn De Almeida Orlando"
"A PRODUÇÃO AUDIOVISUAL NO ENSINO BÁSICO: A LINGUAGEM IMAGÉTICA COMO RECURSO PARA A EDUCAÇÃO GEOGRÁFICA","O projeto a produção audiovisual no ensino básico: a linguagem imagética como recurso para a educação geográfica é desenvolvido pelo grupo de pesquisa em educação geográfica (gpeg) do instituto de aplicação fernando rodrigues da silveira (cap-uerj). O projeto propõe analisar as possibilidades de uso da linguagem imagética como um meio para a construção do conhecimento espacial ou seja o uso de imagens como recurso didático aliado à prática educativa no geografia.","Fabio Tadeu De Macedo Santana"
"TERRITORIALIDADES AGROECOLÓGICAS NO ESPAÇO FLUMINENSE EM METROPOLIZAÇÃO: ECOLOGIA POLÍTICA E A PRODUÇÃO DO COMUM.","Objetiva-se analisar as territorialidades agroecológicas no espaço fluminense em metropolização e implementar uma horta agroecológica no campus da faculdade de educação da baixada fluminense (febf). Como resultados esperados pretende-se publicar um atlas que irá conter informações e mapas sobre as práticas agroecológicas no território fluminense em metropolização. Este projeto conta com recursos da faperj edital apq1-2023.","Felipe Rangel Tavares"
"POLÍTICA EXTERNA E AGRONEGÓCIO NO BRASIL NO SÉCULO XXI: ATORES INTERESSES E ANÁLISE DE PROCESSO DECISÓRIO","Este projeto analisa a política externa brasileira voltada para o setor agrícola em especial para o agronegócio. O objetivo é avaliar a interação entre executivo (ministério das relações exteriores e ministério da agricultura e pecuária) e setor privado (organizado na confederação nacional da agricultura e pecuária) para entender a formulação da política externa brasileira agrícola dos governos de lula da silva a jair bolsonaro (2003-2022) com ênfase na agenda do agronegócio.","Fernanda Cristina Nanci Izidro Gonçalves"
"ÀS MARGENS DO SARAPUÍ: A EXPANSÃO DA EDUCAÇÃO PROFISSIONAL E SEUS IMPACTOS NO DESENVOLVIMENTO REGIONAL DA BAIXADA FLUMINENSE","A expansão recente da educação profissional renovada na nova gestão de lula da silva tem a missão de promover desenvolvimento regional nos territórios. No caso da baixada fluminense questionamos se a educação profissional nela instalada cumpre tal compromisso. é uma pesquisa de qualitativa que elege o materialismo histórico-dialético. Por referencias temos santos (2015) frigotto (2018) cruz e aquino (2018) magalhaes e lima (2015) brandão (2007) bacelar (2013).","Fernanda Paixão De Souza Gouveia"
"ESCOLA E SOCIEDADE: AS CONCEPÇÕES DOS JOVENS SOBRE A TEMÁTICA INDÍGENA","Nesses últimos anos aconteceram muitas mudanças na educação brasileira quanto às políticas educacionais voltadas para o reconhecimento e valorização da diferença. A escola é o espaço educacional privilegiado de implementação dessas políticas. Assim considerando o contexto de implementação da lei 11.645/08 que trata da obrigatoriedade do ensino da história e cultura indígena na escola temos por objetivo analisar as concepções dos jovens estudantes do ensino médio em torno da temática indígena","Flávia Alves De Sousa"
"(ICJR) PROJETO PARES LEITORES","O pares leitores pretende um trabalho em parceria com escolas da rede de ensino fundamental de são gonçalo alicerçando sua ação na formação do leitor literário adultos e crianças oferecendo rodas de leitura com conversação e criação de escrituras de autoria. O projeto pretende envolver crianças e professoras/es dos três primeiros anos do ensino fundamental considerando a leitura literária como uma ponte de aproximação para a efetiva condição de leitor da palavramundo (freire 1989).","Flavia Maria De Menezes"
"CONSTRUINDO PERSPECTIVAS DO SUL GLOBAL: A REVISTA CADERNOS DO TERCEIRO MUNDO O FIM DA GUERRA FRIA E A NOVA ORDEM","O projeto pretende analisar como a revista cadernos do terceiro mundo (publicada entre 1974 e 2005) contribuiu para construir a perspectiva de análise - histórica e política - que hoje conhecemos por sul global ao debater temas como: o fim da guerra fria a crise do socialismo a nova ordem nas relações internacionais sob a égide do neoliberalismo e as crises daí advindas e o papel da china como novo agente global.","Flaviano Bugatti Isolan"
"FORMAÇÃO DOCENTE E ESTIMULAÇÃO NEUROCOGNITIVA: APOIO NA MEDIDA SOCIOEDUCATIVA DE SEMILIBERDADE","Capacitar estudantes da formação de professores à realidade escolar humana e social de jovens mse de sl no criaad de sg-rj. Terá conhecimento do desenvolvimento cognitivo afetivo e neural. Capacitar a lidar com dificuldades escolares destes jovens utilizar instrumentos de verificação de algumas funções executivas e aprender a estimulação cognitiva para facilitar o processo escolar. Acompanhar o desempenho escolar reavaliar as funções cognitivas estimuladas e comparar com dados iniciais.","Flavio Roberto De Carvalho Santos"
"OS DISCURSOS SOBRE SAÚDE E AMBIENTE EM DIFERENTES TEXTOS/CONTEXTOS DO ENSINO DE BIOLOGIA E CIÊNCIAS NATURAIS","O objetivo geral é caracterizar os discursos sobre saúde e ambiente em diferentes textos/contextos ligados ao ensino ciências naturais e biologia o referencial teórico-metodológico da análise crítica do discurso é usado para análise de conjuntura e da superfície material dos textos/contextos. Assim espera-se a identificação de estabilidades e/ou mudanças discursivas presentes em diferentes cenários tais como: pesquisa extensão formação de professores e educação básica.","Francine Lopes Pinhao"
"MOLDURAS DO ENSINO E DA ESCRITA DA HISTÓRIA","O projeto se inicia por uma pesquisa no mestrado profissional em ensino de história (profhistória) com foco em palavras e conceitos que organizam nossas possibilidades de contar e compreender uma história aqui chamadas de molduras históricas. Desta pesquisa inicial desdobram uma pesquisa em história da historiografia e teoria da história atenta à redemocratização como horizonte que orienta ensino e escrita da história. A hipótese é que esse horizonte ainda é vivo e em movimento.","Francisco Gouvea De Sousa"
"ALEGORIAS E DESLOCAMENTOS EM TORNO DOS IMAGINÁRIOS SOBRE A METRÓPOLE FLUMINENSE","Este projeto analisa a produção de imaginários sobre a metrópole fluminense em privilégio aos investimentos de promoção turística. O objetivo é analisar o uso de toponímias símbolos e visualidades na atribuição de sentidos aos espaços com foco nas negociações com repertórios de representação. Através da metodologia qualitativa busca-se explorar as mobilidades turísticas a partir dos imaginários urbanos identificando agenciamentos parcerias e conflitos em torno dessas iniciativas.","Frank Andrew Davies"
"EDUCAÇÃO FINANCEIRA ESCOLAR: DESENVOLVIMENTO SUSTENTÁVEL","Este é um projeto envolve pesquisa básica aplicada e translacional em a educação financeira escolar. A investigação busca compreender como formar um estudante educado matematicamente do ponto de vista da educação financeira escolar voltada para o desenvolvimento sustentável ao longo da educação básica no século xxi. Para tanto pretende investigar o design de currículo e de tarefas que envolvam a temática em escolas públicas de cabo frio que se localizem próximas a apas. ","Gabriela Felix Briao"
"OUTRAS LITERATURAS: A CONTRIBUIÇÃO FEMININA NA CONSTITUIÇÃO DA HISTÓRIA DA EDUCAÇÃO BRASILEIRA","Este projeto nasce da emergência da pesquisa acerca das contribuições das mulheres na historiografia da literatura e da educação brasileiras. A recente inserção do grupo no cânone literário e na constituição história da educação ainda não contempla contudo boa parte de sua produção escrita principalmente a de mulheres atuantes na primeira república que foram durante muito tempo conduzidas às prateleiras da invisibilidade.","Gabrielle Carla Mondego Pacheco"
"AGORA É QUE SÃO ELAS: REPERCUSSÕES PSICOSSOCIAIS DA DESIGUALDADE DE GÊNERO PÓS- PANDEMIA - UMA ANÁLISE FENOMENOLÓGICA INTERSECCIONAL","Este projeto prevê a continuidade da pesquisa agora é que são elas: a pandemia de covid-19 contada por mulheres"" focada na experiência de mulheres na pandemia. As 5.874 respondentes revelam a desigualdade de gênero agravada pela pandemia e relações com outros marcadores sociais. A metodologia interseccional coloca a fenomenologia em diálogo com as teorias feministas. Objetivando qualificar intervenções e construir políticas públicas para a saúde mental de mulheres na diversidade e pluralidade.","Giovana Fagundes Luczinski"
"A VIRADA ECOLÓGICA DAS RELIGIÕES AFRO-BRASILEIRAS: COLABORAÇÕES EPISTEMOLÓGICAS ENTRE CONHECIMENTO RITUAL E CIENTÍFICO EM TEMPOS DE CRISE AMBIENTAL.","Este projeto pretende investigar as negociações entre os conhecimentos religiosos tradicionais das religiões afro-brasileiras como o candomblé e a umbanda e as ciências ambientais. Através de pesquisas históricas e etnográficas esta pesquisa pretende destacar como enredos dos modos religiosos e científicos de fazer o mundo geram novas interpretações e narrativas do sagrado no contexto da atual crise ecológica.","Giovanna Capponi"
"NEOLIBERALISMO ESCOLAR: EFEITOS DA EDUCAÇÃO INOVADORA NAS ESCOLAS BRASILEIRAS","O projeto ""neoliberalismo escolar: efeitos da educação 'inovadora' nas escolas brasileiras"" objetiva analisar o neoliberalismo na educação brasileira investigando como a subordinação aos interesses empresariais a pedagogia das competências e a educação inovadora afetam o processo educativo produzindo subjetividades docilizadas. A pesquisa visa cartografar essas transformações avaliar suas implicações para a educação pública e propor estratégias de resistência no ambiente escolar.","Giuliana Volfzon Mordente"
"A PLURALIDADE E MULTIVOCALIDADE DOS OBJETOS DO CAIS DO VALONGO E DA IMPERATRIZ: AS CONSTRUÇÕES SOCIAIS DE FEMINILIDADES E MASCULINIDADES NO RIO DE JANEIRO OITOCENTISTA. ","O projeto a pluralidade e multivocalidade dos objetos do cais do valongo e da imperatriz: as construções sociais de feminilidades e masculinidades no rio de janeiro oitocentista tem por objetivo investigar analisar e interpretar os vestígios materiais provenientes das escavações do cais do valongo e da imperatriz especificamente aqueles vinculados às expressões de gênero no século xix e relacionados à construção social da feminilidade e masculinidade em diferentes segmentos da sociedade.","Glaucia Aparecida Malerba Sene"
"AÇÃO AUTOMAÇÃO E AUTOMATISMOS NA FORMAÇÃO HUMANA","O projeto visa investigação conceitual sobre os conceitos de ação automação e automatismo bem como os tipos antropológicos que são tanto a pré-condição para a chamada automação de humanos quanto o resultado reforçado pelos processos que ela inicia. Tal investigação dá-se no contexto de ascensão das tic e das novas formas de dominação que elas vêm ensejando (regulação algorítmica capitalismo de vigilância) bem como das novas subjetividades engendradas por elas e contra elas.","Heitor Coelho Franca De Oliveira"
"REDES POLÍTICAS NAS REFORMAS CURRICULARES DO ESTADO DO RIO DE JANEIRO","O projeto visa identificar redes políticas que estão envolvidas na reforma do ensino médio no estado do rio de janeiro. A pesquisa se desenvolverá por meio da interpretação de documentos oficiais disponibilizados online e produções das instituições filantrópicas e privadas e uso do software nodexl. Este projeto visa o conhecimento sobre redes políticas e busca contribuir para o avanço metodológico na análise das políticas curriculares.","Hellen Gregol Araujo"
"RODAS DE CONTAÇÃO E LEITURA DE HISTÓRIAS NA PRAÇA: PRETEXTOS PARA ENCONTROS ENTRE A COMUNIDADE ACADÊMICA E A COMUNIDADE DO PARAÍSO SÃO GONÇALO-RJ","O projeto tem por objetivo articular diálogos entre a comunidade em torno do campus acadêmico e os sujeitos da universidade. Propomos utilizar a praça dos ex-combatentes localizada em frente à ffp-uerj promovendo rodas de contação e leitura de histórias. Pretende-se através das ações do projeto reconhecer e estabelecer diálogos com os sujeitos que exploram a principal praça do bairro simultaneamente compartilhar informações sobre eventos e serviços oferecidos pela universidade.","Heloisa Josiele Santos Carreiro"
"MODERNISMOS E MODERNIDADES BRASILEIRAS: HISTORIOGRAFIA MEMÓRIA E LITERATURA","O presente projeto de pesquisa almeja investigar os sentidos possíveis da modernidade nacional através da historiografia das memórias e da literatura produzida por autores/as que dialogaram com os desejos propostas e temáticas do modernismo compartilhando certa sensação de urgência de atualização da cultura nacional. Aquém e além da semana de arte moderna de 1922 buscam-se antecipações traços e reverberações modernistas em diferentes gerações.","Henrique Pinheiro Costa Gaio"
"A ESCOLA PÚBLICA COMO ESPAÇO PÚBLICO: SOCIABILIDADE E RENDIMENTO ESCOLAR NO CAP-UERJ","O estudo nasce da convergência de reflexões geográficas acerca do espaço público do espaço escolar considerando a organização espacial da sala de aula. Esta pesquisa é também um exercício analítico para preencher um hiato na pesquisa geográfica brasileira na direção de investigações que adentrem o campo educacional para além do ensino de geografia e neste sentido interessa-nos avaliar o que a organização espacial pode nos dizer sobre a sociabilidade e os rendimentos escolares.","Hilton Marcos Costa Da Silva Junior"
"INCURSÕES DO ATLÂNTICO: EDUCAÇÃO CORPOS NEGROS MEDICINA E SAÚDE NO RIO DE JANEIRO SÉCULOS XIX-XX.","O projeto que ora apresentamos objetiva contribuir por meio da pesquisa empírica na ampliação de conhecimentos científicos sobre as subjetividades de africanos e africanas e seus descendentes na coletividade construída a partir da diáspora forçada do continente africano para as américas bem como sobre as narrativas construídas por intelectuais médicos acerca de seus corpos e o poder das mesmas nas visões de mundo que atravessaram os distintos tempos históricos.","Iamara Da Silva Viana"
"PEDAGOGIAS NEGRAS EM TERRITÓRIOS-TERREIROS: ESTRATÉGIAS PARA A EDUCAÇÃO ANTIRRACISTA ","As pedagogias negras criadas em território-terreiros trazem à tona temas que desafiam a educação formal a ser efetivamente democrática e criativa pois ao assumir a produção de conhecimento de grupos negros territorializados como relevantes para a formação humana promovem a compreensão sobre direitos dos cidadãos em suas diversas expressões. Nos perguntamos como os saberes de povos tradicionais de terreiros em ações e projetos podem impulsionar a educação antirracista? ","Ilaina Damasceno Pereira"
"PARTICIPAÇÃO POLÍTICA E VIOLÊNCIA DE GÊNERO: POLÍTICAS DE PREVENÇÃO E INICIATIVAS DE SANÇÃO ","O projeto visa aprofundar o entendimento sobre a violência política contra mulheres no brasil focando em prevenção e sanções. Utilizando uma abordagem que inclui análise de campanhas de prevenção representações no comitê de ética da câmara dos deputados o estudo busca identificar trajetórias de entidades promotoras de campanhas preventivas e analisar o tratamento dado às representações de violência política.","Isadora Vianna Sento-Sé"
"A OUTRA FACE DA HERANÇA COLONIAL: A [RE]CONSTRUÇÃO ESPACIAL DA PEQUENA ÁFRICA BRASILEIRA A PARTIR DAS NARRATIVAS NEGRAS","O presente trabalho buscara trilhar os caminhos das geografias negrxs através do desenvolvimento de uma pesquisa que contemple o corpo negro e a espacialidade da pequena áfrica a partir de uma perspectiva que questione as heranças da modernidade e os dispositivos de poder responsáveis pela naturalização dos espaços subalternos destinados aos corpos abjetos. [re]significar o lixo de lélia gonzalez (1986) significa demonstrar que a negritude cruzou o atlântico com toda sua riqueza","Ivan Ignácio Pimentel"
"É O AFETO QUE FAZ SEGURAR A BARRA:HISTÓRIA MEMÓRIAS RESISTÊNCIAS E SENSIBILIDADES NA TRAJETÓRIA DE JESSIE JANE VIEIRA DE SOUZA DURANTE A DITADURA E REDEMOCRATIZAÇÃO NO BRASIL","O presente projeto tem por objetivo principal analisar a trajetória de jessie jane vieira de souza e através desta discutir também importantes temas relacionados à ditadura e ao processo de redemocratização no brasil como resistência participação feminina nas esquerdas revolucionárias repressão e prisão políticas clandestinidade violência de gênero maternidade em situações-limite e a construção de memórias acerca do passado autoritário brasileiro.","Izabel Priscila Pimentel Da Silva"
"BINÔMIO SUPERIORIDADE E INFERIORIDADE ENQUANTO PERSPECTIVA ORIENTADORA QUE INSTAURA DESIGUALDADE (ONTEM E HOJE)? ","Este projeto de caráter ético-político pretende investigar em diversas culturas a começar pela cultura ocidental se é possível identificar haver relação entre a presença ou a ausência da predominância de uma perspectiva avaliadora e hierarquizante que sempre julga segundo superioridade e inferioridade na constituição de sociedades desiguais ou na de sociedades igualitárias respectivamente. Pretendemos com isso contribuir para o questionamento e combate da desigualdade que assola o mundo.","Izabella Aquino Bocayuva"
"LUTA ANTIRRACISTA MOVIMENTOS NEGROS E EDUCAÇÃO: SUJEITOS COLETIVOS APONTANDO CAMINHOS","Intenciona-se estudar a contribuição da educação na organização da perspectiva antirracista a partir dos movimentos negros apresentando elementos para fortalecer o papel da educação e do conhecimento produzido para além dos muros da universidade capazes de provocar revisões e reelaboração das práticas docentes e formativas. O objetivo consiste em compreender um possível papel estratégico da educação de incentivo à novos projetos societários que superem a hierarquização racial.","Jane Barros Almeida"
"MÍDIAS NA PESQUISA CONSTELAÇÕES ANALÍTICAS DO DIREITO À EDUCAÇÃO EM CONTEXTOS HISTÓRICOS: REVELAÇÕES DE SENTIDOS E EFEITOS NA DIGNIDADE HUMANA","Continuidade de projeto com objetivos expandidos produzindo dispositivos de divulgação da ciência. Perspectiva compreender sentidos emoções e sentimentos de adultos e idosos quanto a interdições sofridas para exercer o direito à educação. Emoções e sentimentos tomam em conta contextos históricos e políticas socioeconômicas culturais e educacionais e mudanças produzidas complexamente na ordem das famílias do trabalho e renda da cidadania e nas questões da diversidade.","Jane Paiva"
"ESTUDO SOBRE COMUNIDADES TERAPÊUTICAS","O presente projeto de pesquisa pretende analisar a interface entre religião uso de substâncias moralidades e gênero. Constitui objetivo principal deste projeto a melhor apreensão sobre os motivos pelos quais a religião consegue ganhar aceitação entre fileiras de usuários de substâncias que buscam acolhimento. Os dados a serem analisados serão coletados através de pesquisa de campo por observação e entrevistas realizadas no âmbito das instituições que serão estudadas.","Janine Targino Da Silva"
"TRAJETÓRIA ESCOLAR E A MOVIMENTAÇÃO DE ESTUDANTES DENTRO DO SISTEMA PÚBLICO DA EDUCAÇÃO BÁSICA NO ESTADO DO RIO DE JANEIRO","Esta pesquisa analisa as motivações das transferências escolares nos sistemas de ensino médio no estado do rio de janeiro e insere-se no entendimento maior da influência dos gestores escolares nas trajetórias individuais e oportunidades educacionais. Por meio da teoria sobre gestão escolar e processos interacionais esta pesquisa compreende o papel dos diretores das escolas nas transferências sobretudo os processos discricionários e estigmatizadores da ação dos gestores na enturmação.","Joana Da Costa Macedo"
"URBANIZAÇÃO NEOLIBERAL E NOVAS TENDÊNCIAS DE PRODUÇÃO DO ESPAÇO","O projeto busca compreender a produção do espaço urbano em um contexto de consolidação da racionalidade neoliberal tendo a área central da cidade do rio de janeiro como objeto empírico de modo a identificar as especificidades dessa urbanização neoliberal no contexto local. O objetivo geral é analisar o caráter das ações do poder público no que tange as intervenções e investimentos efetivados e propostos para a área central da capital fluminense em prol de sua revalorização e refuncionalização.","Joao Carlos Carvalhaes Dos Santos Montei"
"A QUALIDADE DA EDUCAÇÃO INFANTIL:A PARTICIPAÇÃO DAS CRIANÇAS EM FOCO ","Este projeto tem como objetivo analisar a participação das crianças na qualidade das práticas educativas na educação infantil. Tem como pilares teóricos: estudos da linguagem (bakhtin 1995) educação infantil (corsino e nunes 2010) e qualidade (bondioli e savio 2013). Para desenvolve-lo será realizada: revisão bibliográfica; entrevistas semiestruturadas; e desenvolvida metodologia de avaliação de contexto. Espera-se ter como resultados a melhoria da qualidade das práticas educativas.","Jordanna Castelo Branco"
"O PROGRAMA DE EDUCAÇÃO DE JOVENS E ADULTOS DA REDE PÚBLICA MUNICIPAL DO RIO DE JANEIRO (PEJA  SME/RJ) NO PÓS-PANDEMIA: DO ALINHAMENTO DAS DIRETRIZES CURRICULARES À BNCC À PROPOSTA DE EDUCAÇÃO PROFISSIONAL NA LINHA DO EMPREENDEDORISMO.","Este projeto parte de uma pesquisa anterior sobre a retomada presencial do peja sme/rj no pós-pandemia marcada pelo desmonte das políticas públicas para a modalidade para acompanhar monitorar e analisar o impacto de duas novas questões ligadas ao programa: o alinhamento das orientações curriculares à bncc proposto pelas diretrizes operacionais para a educação de jovens e adultos (resolução mec n°1/2021) e a implantação de uma educação profissional que com ênfase no empreendedorismo.","José Carlos Lima De Souza"
"MILITARIZAÇÃO DA SEGURANÇA PÚBLICA NA AMÉRICA LATINA ","O projeto estuda o processo de militarização da segurança pública na américa latina desde inícios do século xxi. O objetivo é propor uma definição do conceito de militarização da segurança pública junto com indicadores para medir cada uma das dimensões que o compõem. A seguir o conceito será mensurado em diversos países da região em dois momentos do tempo no início do sec. Xxi e no momento atual para analisar a sua evolução no tempo. Por último serão explorados os efeitos da militarização.","Jose Ignacio Cano Gestoso"
"FORMAÇÃO PERMANENTE NO CAP-UERJ: NARRATIVAS E ALTERIDADES","A proposta busca ampliar as possibilidades de acesso à diferentes linguagens e línguas no ambiente alfabetizar de turmas do ciclo de alfabetização do cap-uerj. Por meio da libras pensando novas formas de ação pedagógica para um ambiente inclusivo como foco na alteridade o aporte teóricometodologico segue a perspectiva hermenêutica de paul ricoeur. Como resultados almejamos um ambiente mais inclusivo que possa contribuir para uma prática docente ancorada na formação permanente dos sujeitos.","Juliana Godói De Miranda Perez"
"A INCULTURAÇAO CIENTÍFICA NA FORMAÇÃO DE PROFESSORES: UM CAMINHO CONTRA HEGEMÔNCO NO ENSINO DE FÍSICA","Investigar o impacto da inculturação científica na formação dos professores de física por meio de atividades que abordem temas educacionais atuais e que permitam o aprimoramento da formação de docentes multiculturais e com uma perspectiva contra hegemônica de ciência. ","Laís Rodrigues Da Silva"
"PROJETO INCLUSÃO - COMBATE AO ASSÉDIO MORAL E SEXUAL NO AMBIENTE PROFISSIONAL E ACADÊMICO.","Em um mundo ideal o assédio seria apenas uma lembrança. Mas a realidade exige ação! O projeto inclusão combate o assédio moral e sexual promovendo ambientes livres de opressão e repletos de dignidade. Nossa missão:(i) conscientizar; (ii)prevenir e (iii)promover a inclusão por meio de ambientes acolhedores com respeito mútuo.","Laura Dutra De Abreu"
"A INSERÇÃO DO SINDICATO ESTADUAL DOS PROFISSIONAIS DA EDUCAÇÃO DO NÚCLEO DE DUQUE DE CAXIAS E A LUTA PELA ESCOLA PÚBLICA: SENTIDOS E CONTRADIÇÕES DA RELAÇÃO TRABALHO-ESCOLARIZAÇÃO DOS TRABALHADORES NA HISTÓRIA (1985-1996).","Trata-se de projeto que estuda a atuação do sindicato dos profissionais da educação núcleo de duque de caxias nos anos de 1985-1996 com objetivo de compreender as principais pautas de luta pelas condições e concepções de trabalho escolar na cidade. Para executar o projeto serão 3 eixos metodológico: 1. Tratamento e conservação do acervo do sepe-dc; 2. Levantamento bibliográfico e documento da educação nacional; 3. Análise de documentos do sepe-dc nas suas relações entre o nacional e o local.","Leandro Sartori Gonçalves"
"LEITURA LITERÁRIA COMO REVOLUÇÃO MICROPOLÍTICA","O projeto tem como proposta realizar pesquisa bibliográfica e de campo sobre a possibilidade da leitura literária poder se constituir como resistência às forças capitalísticas que terminam por limitar nossa liberdade de expressão na medida em que nessas sociedades o que está em jogo não se resume mais só a força de trabalho mas a própria vida sua potência de criação e transformação.","Leila De Carvalho Mendes"
"PERSPECTIVAS POLÍTICO-PEDAGÓGICAS DE EDUCAÇÃO AMBIENTAL CRÍTICA EM ESCOLAS DA REDE MUNICIPAL DO RIO DE JANEIRO","Busca-se identificar as perspectivas político-pedagógicas de educação ambiental (ea) em sua macrotendência crítica em escolas públicas da rede municipal do rio de janeiro. Dividide-se em três etapas: (1) levantamento de trabalhos acadêmicos sobre ações pedagógicas de ea crítica em escolas públicas; (2) mapear práticas pedagógicas de ea crítica em escolas municipais do rio; (3) compreender o sentido político e pedagógico destas ações para o enfrentamento das problemáticas socioambientais.","Leonardo Kaplan"
"DESIGUALDADES RACIAIS E PRIMEIRA INFÂNCIA: ACESSO A CRECHES E PARTICIPAÇÃO ECONÔMICA DAS MÃES NO ESTADO DO RIO DE JANEIRO","A creche atende crianças de zero a três anos sendo uma etapa não-obrigatória mas garantida como um direito pela constituição. No rio de janeiro as crianças negras têm taxa 9% menor que crianças brancas enquanto nos outros estados da região sudeste não há diferenças significativas. Nesse sentido a pesquisa investiga o acesso e a qualidade das creche para crianças negras e brancas no estado do rio de janeiro. ","Leonardo Souza Silveira"
"JUVENTUDES TERRITÓRIO E EDUCAÇÃO EM GEOGRAFIA NO ENSINO MÉDIO NA BAIXADA FLUMINENSE ","O objetivo é compreender o lugar potencial da geografia no ensino médio embora contestado nas reformas curriculares neoliberais ancorado na produção de conhecimento significativo com a juventude e suas vivências no território da baixada fluminense. Apoia-se em referenciais teóricos da sociologia geografia e campo da educação e adota metodologias da pesquisa qualitativa como a escuta sensível dos sujeitos implicados intencionando construir propostas didáticas situadas e de enfrentamento.","Lorena Lopes Pereira Bonomo"
"NECROGOVERNANÇA: GESTÃO DA VIDA E DA MORTE A PARTIR DE POLÍTICAS PÚBLICAS","O sisreg é uma plataforma online do ministério da saúde criada para gerenciar o controle dos fluxos do sus. Todos os pedidos de vagas em leitos hospitalares exames e consultas realizados na rede pública são administrados por meio desse sistema. Levando em consideração que há uma parte da população que morre na fila o projeto pretende investigar por meio da etnografia como o manejo burocrático do risco e do tempo produz a inviabilização da vida configurando uma faceta do necrogoverno.","Lucas De Magalhaes Freire"
"POLÍTICAS PÚBLICAS DE DESCENTRALIZAÇÃO FINANCEIRA NA EDUCAÇÃO DE JOVENS E ADULTOS NO ESTADO DO RIO DE JANEIRO: ENTRE O FINANCIAMENTO A GESTÃO E O CONTROLE SOCIAL","O projeto objetiva investigar políticas públicas de descentralização financeira a unidades escolares que ofertam a modalidade eja no rio de janeiro. Busca compreender como se dá a gestão de recursos nas unidades escolares e como sujeitos realizam o controle social de recursos para a educação. Os recursos focados relacionam-se especificamente ao programa dinheiro direto nas escolas de esfera federal; e aos programas de descentralização financeira locais de esfera estadual e/ou municipal.","Luciana Bandeira Barcelos"
"POR UMA PRÁTICA POLÍTICA DE ESCUTA DAS CRIANÇAS PARA A ELABORAÇÃO DE SABERES NUMA PERSPECTIVA INTERSECCIONAL E TRANSVERSAL NA ESCOLA PÚBLICA DO ESTADO DO RIO DE JANEIRO","A presente proposta parte da defesa da escuta das infâncias como elemento fundante de uma práxis comprometida com a transformação social e a viabilidade da elaboração de uma epistemologia com crianças numa perspectiva interseccional. Buscamos ter a transversalidade como movimento constitutivo das escutas compartilhadas objetivamos a produção coletiva de conhecimentos comprometidos com uma educação como prática da liberdade e a devir-outros possíveis.","Luciana Pires Alves"
"REFUNCIONALIZAÇÃO DA EDUCAÇÃO SUPERIOR NO BRASIL: A MATERIALIDADE DA FINANCEIRIZAÇÃO NA GRADUAÇÃO E NA PÓS-GRADUAÇÃO","Este projeto analisa os processos de financeirização do ensino superior conduzido como etapa de um propósito de refuncionalização da modalidade no país. O lastreamento de vagas no setor privado nas modalidades: presencial e ead em consonância com a refuncionalização do ensino nas universidades públicas (graduação e pós-graduação) são analisados como forma de materialidade de uma educação utilitarista vinculada à lógica do capital financeiro e suas demandas de formação da força de trabalho.","Luciane Da Silva Nascimento"
"AS TRAJETÓRIAS DO DESENVOLVIMENTO: UMA COMPLEXA MULTIPLICIDADE DE PROJETOS E PROCESSOS","O projeto se destina a investigar as tendências recentes sobre a ideia de desenvolvimento no âmbito da produção geográfica nacional. Para tanto parte-se da orientação de método do pensamento complexo e da análise de conteúdo como método de análise de dados. Espera-se entender a multiplicidade de projetos e processos associados ao desenvolvimento com especial enfoque sobre sua dimensão espacial a partir da interpretação da ciência geográfica nacional.","Maiara Tavares Sodré"
"PENSAR O FEMININO NA LITERATURA E NA FILOSOFIA CONTEMPORÂNEAS","Este projeto de pesquisa visa analisar a noção de feminino tendo como base a literatura e a filosofia no período contemporâneo prioritariamente através de obras escritas por mulheres desde o começo do século xx até hoje mostrando-se pertinente e afinado com a atualidade na investigação das questões de gênero do feminismo da raça e das transformações nos costumes e nas leis.","Marcela Figueiredo Cibella De Oliveira"
"ÉTICA PANDÊMICA E DIMENSÕES DA JUSTIÇA: UMA INVESTIGAÇÃO SOBRE POLÍTICAS DE MITIGAÇÃO E ATRIBUIÇÕES DE RESPONSABILIDADES NA ERA PÓS-PANDEMIA","O objetivo desta proposta é integrar jovens bolsistas de ic da uerj em meu projeto de pesquisa sobre ética pandêmica desenvolvido com a bolsa de produtividade (cnpq nível 1c) e cientista do nosso estado (faperj). O projeto de pesquisa envolve um exame sistemático de semelhanças e diferenças estruturais entre pandemias e as mudanças climáticas. A pesquisa objetiva desenvolver assim uma fundamentação teórica para a ética pandêmica a partir da discussão filosófica sobre ética climática.","Marcelo De Araujo"
"CONTRIBUIÇÕES DAS HABILIDADES METALINGUÍSTICAS PARA LEITURA: MODERAÇÃO DA SÉRIE ESCOLAR","Três tipos habilidades metalinguísticas estão relacionadas a leitura a saber: a consciência fonológica a consciência morfológica e a consciência sintática. O presente projeto apresenta dois estudos que avaliam se a série modera a relação entre essas habilidades e a leitura. Espera-se que os resultados tragam implicações educacionais e para práticas clínicas que atendem as dificuldades de leitura.","Márcia Maria Peruzzi Elia Da Mota"
"ESPINOSA E A FORMAÇÃO HUMANA","Este projeto tem como interesse pensar a formação humana encarnada numa vivência socioafetiva da cidade com base teórica na ontologia e antropologia de espinosa. Sendo assim para discutir os desafios da vida composicional na cidade trataremos dos seguintes eixos: 1. Formação humana e a ontologia e antropologia de espinosa; 2. A potência do corpo; 3. A afetividade humana a força da fixação e da múltipla afetação para a formação do indivíduo e da sociedade.","Marcio Francisco Teixeira De Oliveira"
"TERRITÓRIOS E INVISIBILIDADES: A PRESENÇA INDÍGENA NO RIO DE JANEIRO NO CONTEXTO DA FORMAÇÃO TERRITORIAL DO BRASIL ","A presença indígena no rio de janeiro foi fundamental para a implantação do projeto colonial português e para a formação territorial do brasil. Porém a literatura geográfica pouco reflete as questões relativas às territorialidades indígenas no percurso da colonização contribuindo para sua invisibilidade. O projeto lança uma luz sobre a presença indígena no rio de janeiro destacando o papel desempenhado pelos povos originários no contexto da formação territorial do brasil","Marcos César Araujo Carvalho"
"HISTÓRIAS E MEMÓRIAS DA LUTA PELA TERRA NA BAIXADA FLUMINENSE (1945-1964): O CARÁTER EDUCATIVO DAS EXPERIÊNCIAS DOS PROCESSOS ORGANIZATIVOS","Esta pesquisa tem como temática o caráter educativo das experiências de luta organização e mobilização dos chamados trabalhadores rurais ou do campo da baixada fluminense no período compreendido entre 1945 e 1964 objetivando mapear as experiências de organização popular dos trabalhadores e moradores da área rural na baixada fluminense destacando as suas formas de ação organização e as suas relações com a sociedade local e com o poder público.","Marcos Cesar De Oliveira Pinheiro"
"SOBRE A QUESTÃO DA DETERMINAÇÃO EM PSICANÁLISE: SUJEITO ESTRUTURA E AS INJUNÇÕES DO PARADOXO","Investiga-se a hipótese de que é somente no seio da estrutura que é possível situar o sujeito em psicanálise e de que é só em articulação com o sujeito que a noção de estrutura ganha seu peso campo psicanalítico. Discute-se a relação paradoxal entre o formalismo que regula o funcionamento de uma estrutura e a ideia de um sujeito que emerge por relação àquele discutindo-se os efeitos dessa articulação para as noções de determinação e liberdade no discurso da psicanálise.","Marcos Eichler De Almeida Silva"
"PANORAMA DAS POLÍTICAS PÚBLICAS DE EDUCAÇÃO: O NOVO ENSINO MÉDIO COMO EXPRESSÃO DE PROJETOS EM DISPUTA","Este projeto tem como objetivo o estudo do novo ensino médio - nem que compreendemos não como uma política pública de educação neófita mas ancorada em uma concepção de educação dual que identifica a formação para o trabalho como o caminho natural para os pobres. A pesquisa tem caráter qualitativo calcada em entrevistas semiestruturadas com docentes de uma escola pública estadual do município de são gonçalo visando identificar a ótica docente e como o nem está se materializando nessa escola.","Maria Da Conceição Calmon Arruda"
"A FÍSICA E A LITERATURA DE DOSTOIÉVSKI: POSSIBILIDADES PARA A FORMAÇÃO DE PROFESSORES DE FÍSICA","Identificar a física exisetente no romance os irmãos karamázov analisá-la e elaborar oficinas para licenciandos e /ou professores em exercício com o objetivo fornecer novos instrumentos de ensino através da aliança da ciência e arte.","Maria Da Conceição De Almeida Barbosa Lima"
"O ENSINO DE FILOSOFIA E A CRÍTICA AO CÂNONE: CONTRIBUIÇÕES E DESAFIOS PARA A FORMAÇÃO DE FILÓSOFAS/OS ","O presente projeto propõe uma análise do ensino de filosofia como objeto de pesquisa a partir de uma abordagem crítica ao cânone filosófico. Reconhece-se assim o ensino de filosofia como campo de conhecimento e de pesquisa da filosofia que conta com uma produção tão recente quanto necessária para a formação de filósofas/os. Interessa-nos ainda um recorte deste campo a fim de verificar as contribuições e os desafios propostos na filosofia feminista para uma releitura do cânone filosófico. ","Maria Helena Silva Soares"
"NARRATIVAS DE EXPERIÊNCIAS VIVIDAS NO COTIDIANO ESCOLAR COM CRIANÇAS DA EDUCAÇÃO BÁSICA EM PROCESSOS DE INICIAÇÃO CIENTÍFICA.","Objetiva iniciar graduandos à docência nos requisitos da pesquisa e produção de conhecimentos inserindo-os nas escolas públicas da educação das infâncias para: i) propostas epistemológicas-teórico-conceituais e metodológicas da pesquisa; ii) para acompanhar professores valorizar a formação docente e ressignificar a graduação. A pesquisa na docência tem como premissas observação intervenção e registros narrativos nas e das práticas cotidianas como objeto central da pesquisaformação.","Maria Luisa Furlin Bampi"
"HISTÓRIA CULTURAL LATINOAMERICA  ENTRE PRÁTICAS CULTURAIS E REPRESENTAÇÕES  ESTUDO SOBRE TRADIÇÃO E MODERNIDADE","Durante as festas são realizados desfiles missas e rituais de purificação e cura com oferendas ao deus cristão e aos santos. São representações que permeiam a vida cotidiana daquelas populações e reforçam os laços identitários através da memória coletiva e dos imaginários o estudo descreve e analisa as representações simbólicas destaca a importância do imaginário social e cultural das sociedades tradicionais. As representações contribuem para o fortalecimento das identidades locais. ","Maria Teresa Toribio Brittes Lemos"
"A REPRESENTATIVIDADE FEMININA NAS PÁGINAS DA REVISTA BRASILEIRA DE GEOGRAFIA (1939-2006) E NO BOLETIM GEOGRÁFICO (1943-1978)","O projeto tem como objetivo principal investigar a participação de mulheres geógrafas na produção do conhecimento geográfico difundido em duas das mais antigas publicações em geografia no país: a revista brasileira de geografia e o boletim geográfico do ibge. O projeto tem como motor fundamental a discussão crítica da natureza ontológica e epistemológica do conhecimento geográfico ao sustentar que uma geografia e práticas dominantemente masculinas compuseram o quadro histórico disciplinar.","Mariana Araujo Lamego"
"AS TRAMAS DA INFORMALIDADE URBANA: OS MODOS DE FAZER DO ESTADO NAS TRAJETÓRIAS DOS CAMELÔS DA CIDADE DO RIO DE JANEIRO","O projeto busca compreender a informalidade urbana como algo que se encontra no próprio seio do estado e integra suas práticas territoriais. é preciso considerar a capilaridade das práticas no cotidiano e que não se tornam públicas e nem deixam traços documentais. O objetivo da pesquisa é compreender a partir dos camelôs da cidade do rio de janeiro como as práticas estatais produzem ou institucionalizam a informalidade nas tramas sociais que configuram o espaço urbano.","Marianna Fernandes Moreira"
"REVISTA INTELLÈCTUS - UERJ EM SEUS 20 ANOS","A revista intellèctus é um periódico semestral reconhecido nacional e internacionalmente. Sua publicação emerge como um canal de divulgação de pesquisas destinadas aos interessados em temas ligados à historiografia e de reflexões teórico-metodológicas relativas à história dos intelectuais à história das ideias e à história intelectual. Em 2022 a intelléctus comemora seus 20 anos de publicações ininterruptas contribuindo como um instrumento de divulgação do conhecimento científico.","Marieta Pinheiro De Carvalho"
"O CÓDIGO DE MENORES DA DITADURA MILITAR BRASILEIRA: JURISTAS PARLAMENTARES E IMPRENSA DISCUTINDO A INFÂNCIA POBRE DAS DÉCADAS DE 1960 E 1970","O projeto investiga os debates e ações produzidas sobre infância e juventude pobre no brasil nos anos de 1960 e 1970 evidenciando o processo de construção do código de menores de 1979. A metodologia da pesquisa consiste no levantamento da legislação discursos de juristas e de pessoas que atuaram nas políticas públicas do campo. A pesquisa analisa também as representações produzidas por jornais e revistas acerca do problema do menor na sociedade brasileira no recorte temporal proposto","Marilene Antunes Santanna"
"A FORMAÇÃO DE PROFESSORES NAS POLÍTICAS CURRICULARES: O CONTEXTO DISCURSIVO INSTITUINTE DE UM PERFIL DOCENTE ALFABETIZADOR","O projeto busca analisar discursos de professor alfabetizador e formação docente articulados no compromisso nacional criança alfabetizada (brasil 2023). Orientado pela compreensão do papel ontológico do político (laclau; mouffe 2015) e pela dimensão textual e discursiva da política curricular (lopes 2018) busca identificar as lógicas políticas (glynos; howarth 2018) na sua constituição propondo outras possibilidades teórico-epistemológicas de investigação das políticas de formação docente.","Marize Peixoto Da Silva Figueiredo"
"A CONDIÇÃO JURÍDICA DAS MULHERES NO REINO CASTELHANO LEONÊS NO SÉCULO XIII A PARTIR DA ANÁLISE DAS SETE PARTIDAS E DO FUERO REAL","O projeto em questão destina-se a analisar com base no fuero real e nas sete partidas os mecanismos jurídicos através dos quais a monarquia castelhana no século xiii estabeleceu normas jurídicas referentes às mulheres mais especificamente em relação ao acesso das mesmas aos recursos patrimoniais e aos princípios morais que deveriam reger a sua conduta tendo como foco nas mulheres solteiras casadas viúvas e religiosas.","Marta De Carvalho Silveira"
"METROPOLIZAÇÃO DO ESPAÇO E CIRCULAÇÃO MATERIAL NO ESTADO DO RIO DE JANEIRO: IDENTIFICAÇÃO E CARACTERIZAÇÃO GERAL DOS PRINCIPAIS EIXOS","O objetivo é identificar e caracterizar os principais eixos de metropolização do espaço no estado do rio de janeiro a partir do exame da circulação material de pessoas e mercadorias. A metropolização é um processo que difunde por todo o espaço características socioeconômicas e espaciais metropolitana. São as redes que garantem essa difusão e contidos nelas estão os eixo compreendidos como o espaço privilegiado da circulação onde se concentram importantes infraestruturas e fluxos de transporte.","Matheus Cavalcanti Bartholomeu"
"TEATRO FILOSOFIA E EDUCAÇÃO: LITERATURA GREGA ANTIGA E A FORMAÇÃO DE PROFESSORES","Este projeto investiga as narrativas da literatura grega antiga explorando sua relevância histórica filosófica e educacional de forma interdisciplinar. Analisando-as como movimentos de paideia e manifestações artístico-democráticas busca-se compreender como seus enredos elucidam atuais fenômenos axiológicos pedagógicos e políticos. Além da pesquisa teórica o projeto recria cenicamente essas narrativas clássicas em contextos contemporâneos gerando insights filosófico-educacionais inovadores","Micael Rosa Silva"
"DINÂMICAS DA VIOLÊNCIA URBANA NAS PERIFERIAS DO RIO DE JANEIRO: OS EFEITOS DO CRESCIMENTO DE GRUPOS ARMADOS NA VIDA DOS MORADORES DA ZONA OESTE","O objetivo central é compreender as modalidades de atuação de grupos criminosos que operam nas periferias do rio de janeiro principalmente em bairros da zona oeste desde o início dos anos 2000. Partindo do pressuposto de que a violência urbana apresenta um novo elemento denominado popularmente como milícia espera-se analisar as formas de atuação desses grupos os dispositivos utilizados para garantir o controle do território e assim identificar os efeitos na vida cotidiana dos moradores","Monique Batista Carvalho"
"DESENVOLVIMENTO DE RECURSOS EDUCACIONAIS PARA UMA ATUAÇÃO CRÍTICA DOS ESTUDANTES: PROPOSTAS DE METODOLOGIAS DE APRENDIZAGEM ATIVAS PARA O ENSINO DE CIÊNCIAS","O projeto tem como objetivo desenvolver recursos educacionais de aprendizagem ativa para o ensino de ciências de modo a incentivar o protagonismo dos alunos. As atividades desenvolvidas serão aplicadas no ensino fundamental ii do cap uerj. A metodologia será realizada a partir do estudo bibliográfico sobre metodologias ativas de aprendizagem seguido da elaboração de uma sequência de propostas didáticas que incentivem o pensamento crítico e a capacidade de resolução de problemas.","Monique Silva Costa"
"O QUE FALAM OS OSSOS: ANÁLISES DOS RESTOS ESQUELETAIS DO CEMITÉRIO DOS PRETOS NOVOS","Os estudos de bastos (2014) confirmaram os mesmos aspectos bioarqueológicos observados por machado (2006) ou seja os restos ósseos não de encontravam em conexão muitos fragmentados e com sinais de queima intencional. As análises de restos ósseos coletados nas intervenções arqueológicas das obras na região portuária sob a guarda do laboratório de antropologia biológica/ifch/uerj permitirá contribuir com novas informações sobre referido cemitério e na preparação de novos pesquisadores.","Nanci Vieria De Oliveira Aguiar"
"POLÍTICA NACIONAL DE ALFABETIZAÇÃO: EVIDÊNCIAS CIENTÍFICAS SOB SUSPEITA ","O objetivo do estudo é discutir os sentidos de ciência que perpassam a produção da pna problematizando os sentidos produzidos na defesa da alfabetização baseada em evidências científicas. Entende-se que a pna articula um conceito de ciência enquanto técnica um estatuto de verdade universal capaz de orientar com precisão e serve para uma centralização curricular. Assim os sentidos de ciência conhecimento alfabetização e política curricular que são produzidos são colocados sob suspeita.","Nataly Da Costa Afonso"
"O TEMPO DO AFETO: A VERGONHA EM ANNIE ERNAUX","O objetivo do presente projeto é investigar como a vergonha desempenha um papel central na obra de annie ernaux e mais precisamente em sua investigação sobre o tempo. Para isso o projeto busca compreender em primeiro lugar as razões da centralidade desse afeto em seus livros e os sentidos que lhe são preenchidos; e em segundo lugar visa a analisar como a vergonha provoca efeitos determinantes para a experimentação e a percepção do tempo isto é como ela produz temporalização.","Nathália Sanglard De Almeida Nogueira"
"PROCESSOS CURRICULARES E MOVIMENTOS MIGRATÓRIOS: OS MODOS COMO QUESTÕES SOCIAIS SE TRANSFORMAM EM QUESTÕES CURRICULARES NAS ESCOLAS","O projeto tem o interesse de a partir das inúmeras redes educativas que todos formamos e nas quais nos formamos compreender os processos pelos quais fatos sociais graves se transformam em experiências curriculares. Trabalhamos em torno das ideias de: as redes educativas e as múltiplas relações entre os tantos dentrofora das escolas; tessitura de conhecimentossignificações em currículos; imagens e sons como personagens conceituais.","Nilda Guimarães Alves"
"NENHUM ARCO-ÍRIS NO RIO DE JANEIRO","A sociedade tem questionado as instituições frente as injustiças sociais que grupos minoritários têm sido vítima. Dentre eles encontra-se o das pessoas lgbt+. Espaços se apresentam interditados e este impedimento se dá de forma velada com objetivo de silenciar sujeitos e invisibilizar corpos. O objetivo desta pesquisa é contribuir para a construção de ações de democratização ao acesso de espaços que se apresentam interditos a comunidade lgbt+ visando a reparação de direitos civis básicos.","Nilton Abranches Junior"
"PRODUÇÃO LEGISLATIVA E INTERMEDIAÇÃO DE INTERESSES PÚBLICO/PRIVADO: A CÂMARA MUNICIPAL DO RIO DE JANEIRO NO SÉCULO XXI. ","O presente projeto retoma uma agenda de pesquisa. O foco agora é analisar a dinâmica político-eleitoral na cidade do rio de janeiro a partir das estratégias adotadas pelos vereadores em seu comportamento legislativo. A questão é saber quais os recursos utilizados pelo vereador para a construção de sua rede político-eleitoral. O site oficial da câmara de vereadores é uma boa forma de acessar a forma como estes vereadores se apresentam.","Paulo Mesquita d Àvila Filho"
"PROJETO DE PESQUISAS ARQUEOLÓGICAS SERRA DO CABRAL MINAS GERAIS - ETAPA V","Desenvolve-se desde 1990 através de prospecções escavações documentação e estudo de arte rupestre análises de laboratório e educação patrimonial. Resultou em inúmeras publicações monografias dissertações teses derivando dos trabalhos arqueológicos. Um dos principais resultados sem dúvida foi a criação em 2005 do parque estadual da serra do cabral a partir do patrimônio arqueológico. Este patrimônio encontra-se ameaçado o que justifica ainda mais o estudo e ações de preservação.","Paulo Roberto Gomes Seda"
"OS DISCURSOS CURRICULARES DA BNCC E AVALIAÇÕES INTERNACIONAIS: PROJETOS REGULATÓRIOS GLOBALIZANTES","Este projeto busca agregar fomento institucional para desenvolver uma pesquisa que tem como objeto o paradoxo que o atual cenário de globalização neoliberal busca estabelecer  de um lado o discurso político em favor de desregulamentação econômica no âmbito geral de outro a determinação de organismos internacionais que através de políticas de avaliações buscam regulamentar e controlar políticas curriculares.","Phelipe Florez Rodrigues"
"PAULO FRANCIS DIANTE DA REVOLUÇÃO BRASILEIRA 1962-1964: O INTELECTUAL PÚBLICO SUA CIRCUNSTÂNCIA E PROSOPOGRAFIA.","O projeto propõe-se a fazer um fichamento extenso das colunas assinadas pelo jornalista paulo francis (1930-1997) no periódico varguista última hora entre 1962 e 1964 de maneira a permitir interpretar as suas posições políticas mas também avaliá-las como expressão das posições dos grupos sociais em que o jornalista se encontrava inserido através da elaboração de um índice de referências.","Professor Carlos Eduardo Rebello De Mendonça"
"EDUCAÇÃO EM PAUTA NA CÂMARA MUNICIPAL DO RIO DE JANEIRO  RJ: LOBBY CORRELAÇÕES DE FORÇAS PARTICIPAÇÃO POLÍTICA ACOMPANHAMENTO TENSÕES E POSSIBILIDADES DA FORMULAÇÃO DE POLÍTICAS PÚBLICAS","O projeto objetiva analisar como a educação está presente na câmara municipal do rio de janeiro e o processo de participação política em torno desta temática. Paralelamente acompanhamos as atividades do conselho municipal de educação do rio de janeiro uma vez que este é um local privilegiado para entender como a política educacional é construída tendo a participação política como uma prerrogativa. Os entrecruzamentos entre os dois locais são investigados.","Rafael Bastos Costa De Oliveira"
"O GOVERNO NAS MARGENS: INFORMALIDADE URBANA TRABALHO E HABITAÇÃO NO RIO DE JANEIRO DA PRIMEIRA REPÚBLICA","Utilizando fontes diversas como ocorrências policiais posturas municipais e processos relativos ao comércio de rua e à moradia popular durante a primeira república na cidade do rio de janeiro a pesquisa busca investigar de que modo a linha entre a construção formal e informal da cidade foi historicamente traçada quais foram as suas oscilações e sobreposições no decorrer do tempo como se deu a distribuição diferenciada dos controles em termos de populações práticas e espaços afetados.","Rafael Da Costa Gonçalves De Almeida"
"DITADURA EMPRESAS E PROCESSOS REPRESSIVOS: O CASO DA HIDRELÉTRICA DE ITAIPU (1974-1987)","A pesquisa tem como objetivo investigar práticas repressivas que resultaram em violações de direitos de trabalhadores camponeses e povos indígenas durante as obras de construção da hidrelétrica de itaipu. Considerada como área de segurança nacional pela ditadura itaipu montou um estrutura coercitiva violadora de direitos não apenas de operários mas também de pequenos proprietários posseiros e povos indígenas que tiveram suas terras expropriadas para a construção da barragem.","Rafael Vaz Da Motta Brandão"
"OBSERVATÓRIO VITAE: PERCURSO ACADÊMICO DOS ESTUDANTES DE CIÊNCIAS SOCIAIS DA UERJ ","Este projeto está inserido em um programa de pesquisas que pretende realizar em fluxo contínuo levantamentos diversificados sobre os estudantes dos cursos de ciências sociais da uerj. Insere-se na linha de pesquisa formação e inserção profissional dos cientistas sociais do gpcse/ppcis. Apoia-se no uso de metodologias mistas. A triangulação aqui proposta visa descrever explorar e compreender atingindo a máxima amplitude das experiências acadêmicas dos estudantes de cs/uerj.","Raquel Balmant Emerique"
"PARTICIPAÇÃO POLÍTICA E INFÂNCIA: O DESENVOLVIMENTO POLÍTICO DE CRIANÇAS A PARTIR DE UMA PERSPECTIVA HISTÓRICO-CULTURAL","O projeto objetiva compreender a partir de pesquisas teóricas bibliográficas de revisão de literatura e empíricas o desenvolvimento político das crianças considerando sua formação constituição e ações de participação política em contextos públicos e privados tanto decisórios quanto cotidianos. O projeto se baseia na perspectiva histórico-cultural e tem foco na compreensão de tais elementos considerando sua concretização na relação com discursos e práticas sociais jurídicas e acadêmicas.","Regiane Sbroion De Carvalho"
"TEMPOS DE REFORMAS RELIGIOSAS NO CONTEXTO COLONIAL: INTERSECÇÕES ENTRE O CRISTIANISMO REFORMADO E O CATOLICISMO PÓS-TRIDENTINO NA AMÉRICA PORTUGUESA","O objetivo da pesquisa é investigar o espaço de convivências e conflitos entre as vertentes do cristianismo após as reformas religiosas na américa portuguesa particularizando a experiência histórica da ocupação neerlandesa seiscentista (1630-1654) que contou com a vinda de professos da igreja reformada com a companhia das índias ocidentais. A partir da análise de fontes inquisitoriais eclesiásticas e literárias a investigação é aberta para abordagens microanalíticas do contexto local.","Regina De Carvalho Ribeiro Da Costa"
"SOBRE A CONDIÇÃO DOS HOMENS NEGROS - UMA ANÁLISE DA ESCRAVIDÃO E DA IGUALDADE NA OBRA DE OLYMPE DE GOUGES. ","Autora da declaração dos direitos da mulher e da cidadã(1791) olympe de gouges escreveu sobre a condição dos escravos. Seleciona-se entre os escritos dela prefácios e peças cujo tema é a escravidão.Examina-se a contradição entre a igualdade política professada pela declaração documento fundador da democracia moderna e a condição de degradação a que estavam sujeitos os escravos.","Roberta Kelly Soromenho Nicolete"
"APROPRIAÇÕES DO EXISTENCIALISMO DE JEAN-PAUL SARTRE E SIMONE DE BEAUVOIR NA PSICOLOGIA BRASILEIRA E LATINO-AMERICANA","Esta pesquisa mapeia e compreende apropriações na psicologia fenomenológico-existencial latino-americana especialmente a brasileira em diálogo com jean-paul sartre e simone de beauvoir. O campo fenomenológico-existencial é vasto e a escolha dos autores fundamentais com os quais se dialoga na construção do pensamento produção e prática da psicologia influencia o modo como esse fazer se desdobra. Assim interessa o modo como a psicologia latino-americana se apropriou do existencialismo francês.","Rodolfo Rodrigues De Souza"
"ECOLOGIA MIGRANTE: MOBILIDADE E NATUREZA NAS MARGENS DA CIDADE","Este projeto de pesquisa busca analisar os conhecimentos técnicas e espécies que compõem a produção e a circulação de alimentos no rio de janeiro partindo de uma etnografia dos modos como pessoas migrantes alteram a paisagem da cidade por meio de sua interação com a terra e os alimentos problematizando assim divisões estanques entre campo e cidade e entre natureza e cultura.","Rodrigo Charafeddine Bulamah"
"A EDUCAÇÃO DECOLONIAL NA PERSPECTIVA DA AVALIAÇÃO ESCOLAR: A COMPREENSÃO DOS PROFESSORES DE SOCIOLOGIA DA REDE ESTADUAL DE ENSINO DO RIO DE JANEIRO (SEEDUC-RJ)","A pesquisa consiste em analisar o processo avaliativo dos professores de sociologia e apontar a ausência da perspectiva da decolonidade na prática docente. As tensões sociais presentes na sociedade tem reflexo no ambiente escolar assim percebe-se que na prática avaliativa encontram-se elementos racistas e discriminatórios que atuam na complexa relação professor /estudante. A cultura da violência e a desigualdade histórica aumentam o cenário de estresse no espaço escolar. ","Rodrigo De Souza Pain"
"APRENDIZAGEM DIGITAL E METODOLOGIAS ATIVAS NO ENSINO DE HISTÓRIA DA IDADE MÉDIA","O projeto mapeia jogos digitais analisando suas formas usos e impactos na educação especialmente nas culturas islâmica mediterrânica e africana (séculos v-x). Durante um ano serão realizados revisão bibliográfica mapeamento e análise de jogos testagem em ambientes educacionais e avaliação dos resultados. O objetivo é desenvolver publicações acadêmicas baseadas nas descobertas contribuindo para futuras pesquisas e inovação didático-pedagógic","Rodrigo Dos Santos Rainha"
"ESPAÇO DE CONVERSAS NA MARÉ: PESQUISA E ATUAÇÃO EM CENÁRIOS CONTEMPORÂNEOS","O projeto pretende sistematizar e criar metodologias para o trabalho em grupos e comunidades nos contextos da maré. Os grupos são fonte de diversidade desfamiliarização experimentação e construção de novos sentidos e facilitação de transformação social. Como as perspectivas construcionista e a centralidade da linguagem na constituição da realidade podem contribuir para estes trabalhos? Como construímos espaços dialógicos e colaborativos em contextos comunitários e de ensino/aprendizagem?","Rosana Lazaro Rapizo"
"TRAJETÓRIAS BIOGRÁFICAS JUVENIS EM CONTEXTOS DE PRECARIEDADE SOCIAL: ASPIRAÇÕES OPORTUNIDADES E MOBILIDADES A PARTIR DAS EXPERIÊNCIAS ESCOLARES","Este projeto de pesquisa visa compreender os sentidos que jovens estudantes de ensino médio de camadas populares do rio de janeiro atribuem às experiências escolares no presente e em relação ao futuro e compreender como seus percursos escolares se relacionam com suas aspirações oportunidades e mobilidades físicas e imaginárias. Pretende-se realizar um estudo qualitativo utilizando-se observações participantes entrevistas semiestruturadas e grupos de discussão como instrumentos de pesquisa.","Sabrina Dal Ongaro Savegnago"
"NARRATIVAS CONVERSAS E IMAGENS ENTRE PROFESSORES: ALTERIDADES E SINGULARIDADES NAS PRODUÇÕES CURRICULARES COTIDIANAS","O projeto deverá ser desenvolvido em parceria com professores de escolas municipais visando contribuir para a melhoria do processo de ensino-aprendizagem garantindo visibilidade às práticas que já acontecem na unidade de ensino com vista a multiplicar essas ações. A atuação ocorrerá na inserção dos licenciandos bolsistas nas salas de aula dos professores envolvidos de fora que estes atuem ( em forma de coparticipação) junto aos professores.","Soymara Vieira Emilião"
"ESTÁGIO E FORMAÇÃO DOCENTE: A PESQUISA-AÇÃO NO TRABALHO CONJUNTO DE ESCOLA E UNIVERSIDADE","O projeto objetiva através da articulação entre a formação inicial e continuada instaurar um campo de trabalho conjunto para escola e universidade voltado para os estágios através da pesquisa-ação realizada com professores de escola básica e estudantes de licenciaturas da ffp/uerj. Toma como referência as contribuições de pimenta & lima (2010) franco (2016) nóvoa (2017) freire (1982) walsh (2009) e sousa santos (2010).","Sueli De Lima Moreira"
"(ICJR) CONTRIBUIÇÕES PRÁTICAS EM EDUCAÇÃO QUÍMICA: UM OLHAR DISCENTE","O uso de recursos que complementem os conteúdos de química torna o ensino e a aprendizagem mais acessíveis. Assim projeto se destina à produção de materiais que auxiliem na compreensão dos conceitos de química e será disponibilizado para que o acesso seja livre e para além da sala de aula. Tal perspectiva é relevante principalmente para alunos que possam apresentar dificuldade na área de química pois ele poderá dispor de um material com recursos organizados em outro espaço.","Suellem Barbosa Cordeiro"
"ACESSIBILIDADE NA AVALIAÇÃO DO DESEMPENHO ESCOLAR DE ALUNOS PÚBLICO-ALVO DA EDUCAÇÃO ESPECIAL","O projeto insere-se na temática dos estudos sobre os processos de avaliação do desempenho escolar de estudantes público-alvo da educação especial. Tem como objetivo desenvolver um programa de formação docente para atuação com acessibilidade na avaliação no processo de ensino e aprendizagem desses estudantes a partir do paa  planejamento de acessibilidade na avaliação.","Suzanli Estef Da Silva"
"EDUCAÇÃO E POLÍTICAS EDUCACIONAIS: CURRÍCULO PRÁTICAS E A BNCC NO COTIDIANO ESCOLAR","Investigaremos a construção do currículo no cotidiano da escola e as práticas que orbitam em torno dele à luz dos impactos das políticas educacionais com ênfase na implementação da bncc. A fundamentação teórica do estudo ancora-se em ball (1994 2000 2014 2016) bourdieu (1992 1998 1999) sacristán (1998 2000) dubet (2003 2004) lopes (2005 2008) dentre outros. Trata-se de uma pesquisa qualitativa de abordagem etnográfica que será realizada em escolas da rede pública de são gonçalo.","Tania De Assis Souza Granja"
"O CORPO NA PAISAGEM: EXPLORANDO METODOLOGIAS DE TRABALHO DO CONCEITO DE PAISAGEM NA GEOGRAFIA ESCOLAR","O presente projeto tem por objetivo pensar novas formas de uso do conceito de paisagem na geografia escolar. A proposta é estimular que estudantes e docentes da educação básica construam conhecimento a partir do chão da escola tensionando e revendo abordagens acadêmicas consolidadas bem como propondo novas. Como resultados projeta-se a elaboração de duas atividades a serem aplicadas com estudantes de ensino médio bem como a produção textual de artigos a serem apresentados em eventos.","Tatiana De Souza Ferreira"
"HORTAS ESCOLARES COM AGRICULTURA NATURAL SUSTENTÁVEL: UMA ESTRATÉGIA CIENTÍFICA DE EDUCAÇÃO AMBIENTAL","A crescente preocupação da sociedade com os impactos ambientais e a alimentação devido ao uso excessivo de agrotóxicos coloca a agricultura no foco das discussões sobre educação ambiental. O objetivo é o levantamento e construção de recursos didáticos possíveis para realização de hortas de agricultura natural sustentável e uma alimentação mais saudável no processo de ensino-aprendizagem com estudantes da comunidade escolar.","Tatiana Nascimento Docile Canario"
"EM DEFESA DO ESPÍRITO NACIONAL: A REVISTA BRASILEIRA DE CULTURA NA DITADURA (1969-1974) ","O objetivo da pesquisa é investigar a circulação de intelectuais e ideias presentes na revista brasileira de cultura publicação organizada pelo conselho federal de cultura/mec e sua importância nos debates para a consolidação das ideias de identidade nacional regionalismo e modernismo. A revista publicou vinte e um números durante sua existência se tornando um espaço de circulação do projeto modernista-conservador que marcou as políticas culturais durante à ditadura civil-militar.","Tatyana De Amaral Maia"
"FORMAÇÃO DOCENTE PARA A INCLUSÃO ESCOLAR DE ALUNOS COM NECESSIDADES COMPLEXAS DE COMUNICAÇÃO","O projeto tem como tema a formação continuada com professores do atendimento educacional especializado (aee). Objetivo é verificar como o uso do desenho universal na aprendizagem na formação continuada com professores do aee influencia o processo comunicativo de crianças com necessidades complexas de comunicação (ncc). A pesquisa desenvolverá um delineamento quase experimental intrassujeito do tipo abc (linha de base intervenção e follow-up).","Thatyana Machado Silva"
"APRENDIZAGEM ATIVA ATRAVÉS DA ROBÓTICA  ROBOCAP-UERJ","O grupo de robótica robocap-uerj busca através da robótica como elemento motivador promover o ensino de ciências de maneira não formal e indireta através de metodologias de aprendizagem ativa. Os membros do projeto são estimulados a desenvolver soluções tecnológicas para problemas da sociedade um campo em potencial de exploração para criação de soluções tecnológicas diversas que propiciam o aprendizado.","Thiago Corrêa Almeida"
"A UTILIZAÇÃO DA REALIDADE AUMENTADA NO ENSINO DE FÍSICA","Projeto para utilização de realidade aumentada (ra) em materiais de apoio ao ensino de física. Os objetivos são: construção de marcadores para a tecnologia ra e objetos virtuais de interesse para o ensino de física para serem utilizados pela ra. Disponibilizar marcadores produzidos em apostilas como complementação dos materiais que possam ser fornecidos aos alunos. Desenvolvimento de aplicativo para celular com sistema android para visualização dos objetos criados para ra.","Thiago Daboit Roberto"
"IMPACTOS URBANO-AMBIENTAIS NA CIDADE DO RIO DE JANEIRO: SOFRIMENTO E INJUSTIÇA AMBIENTAIS NO BAIRRO DE SANTA CRUZ.","Esta pesquisa tem como objetivo analisar os impactos urbano-ambientais notados no bairro de santa cruz em decorrência da instalação de um grande empreendimento siderúrgico localizado às margens da baía de sepetiba extremo oeste da cidade do rio de janeiro.Como é sabido e examinado pela literatura acadêmica que compõem a ecologia política a contaminação atmosférica e o alto consumo hídrico são efeitos nocivos que estas empresas promovem recaindo sobretudo sobre as populações vulnerabilizadas.","Thiago Roniere Reboucas Tavares"
"ATOS DE FALA EM MATEMÁTICA: ILOCUÇÕES HIPOTÉTICAS","O objetivo primário da pesquisa a ser empreendida consiste em esclarecer a natureza das forças ilocucionárias correspondentes às hipóteses e atos de fala hipotéticos em geral em lógica e em matemática bem como em explicar seu papel na estruturação lógica da linguagem matemática. O objetivo será perseguido por meio do estudo da teoria da prova de representações formais notáveis desse tipo de ilocução sobre o pano de fundo da teoria dos atos de fala contemporânea.","Tiago Rezende De Castro Alves"
"A GEOPOLÍTICA E O ENSINO DE GEOGRAFIA: A SIMULAÇÃO DE ORGANISMOS INTERNACIONAIS COMO UMA NOVA ESTRATÉGIA PEDAGÓGICA NO ENSINO FUNDAMENTAL E ENSINO MÉDIO","O projeto visa desenvolver estratégias pedagógicas que tenham como pano de fundo os temas geopolíticos de interesse nacional e internacional entre alunos do ensino fundamental e médio do cap-uerj através de simulações de encontros de lideranças políticas. Este projeto se justifica pela relevância da geografia e da geopolítica na educação básica e na sociedade contemporânea bem como pela necessidade de estimular debates lastreados na ciência na valorização dos direitos humanos e na cidadania.","Tiago Santos De Vasconcelos"
"AVALIAÇÃO DO USO DE MATERIAIS EDUCATIVOS FEITOS EM IMPRESSÃO 3D NO PROCESSO DE ENSINO APRENDIZAGEM NA EDUCAÇÃO BÁSICA","Este projeto tem como objetivo inserir alunos de graduação em licenciatura em ciências biológicas em um ambiente de pesquisa educacional tendo como base a produção aplicação e avaliação do uso de materiais pedagógicos produzidos em impressora 3d. Para tal os alunos deverão ser capacitados tanto na questao da metodologia científica acerca da pesquisa qualitativa em educação quanto nos aspectos técnicos da seleção produção e modelagem e impressão de materiais educacionais em 3d.","Tiago Savignon Cardoso Machado"
"A COGNIÇÃO ESPACIAL DOS ALUNOS CEGOS OU COM BAIXA VISÃO: REFLEXÕES NECESSÁRIAS PARA A INCLUSÃO NO ENSINO DE GEOGRAFIA","Tendo a pesquisa como princípio cognitivo de formação e prática reflexiva da atuação docente este projeto tem por objetivo geral fomentar a práxis inclusiva no ensino de geografia pessoas com deficiência visual. Como objetivos específicos estabelecer convênio com secretarias municipais de educação da baixada fluminense; promover reflexão sobre a inclusão no ensino; entrevistar professores das redes; desenvolver materiais didáticos para alunos cegos e com baixa visão.","Vânia Regina Jorge Da Silva"
"OBSERVATÓRIO DOS CONFLITOS INTERNACIONAIS CONTEMPORÂNEOS","A proposta do projeto é servir como um observatório permanente dos conflitos internacionais por meio de uma abordagem interdisciplinar com foco nos estudos da geopolítica clássica e contemporânea e da segurança internacional.","Vitor Stuart Gabriel De Pieri"
"ARQUEOLOGIA NATIVA PURI E COROADO NO NORTE-NOROESTE FLUMINENSE","Existem duas maneiras de entendermos o elemento indígena no brasil. Uma remete ao conhecimento popular e a outra relaciona-se a forma de como o mundo acadêmico entende este elemento. Dessa forma tendo por objeto a história nativa objetiva analisar e identificar o nativo mais especificamente no território mineiro em sua região norte-noroeste fluminense pretendemos encontrá-los (re)conhecendo sua identidade nominando-os.","Vlademir José Luft"
"A SOCIOLOGIA ESCOLAR FRENTE ÀS DINÂMICAS E AOS DESAFIOS DO NOVO ENSINO MÉDIO","Este projeto pretende discutir as dinâmicas e os desafios da sociologia escolar frente à reforma do ensino médio (lei 13.415/2017). Guiamos nosso trajeto por um amplo estudo da literatura dos últimos anos sobre a reforma do ensino médio da base nacional comum curricular (bncc) dos novos livros didáticos assim como acerca da conjuntura política social e econômica de perspectiva liberal que está por trás deste movimento de reformas que se reflete no novo ensino médio.","Walace Ferreira"
"SOBRE O ENSINO DE HISTÓRIA DO DESIGN NA ESDI: UM PIONEIRISMO ABORTADO?","Em 1963 começa o curso da esdi. Em 1968 uma reforma curricular para criar um depto.De informação com disciplinas avançadas de história colocando a esdi na vanguarda do ensino de design por 20 anos não foi realizada. Pretendo investigar: a) motivos da não-implementação; b) o impacto potencial dessa reforma na pesquisa e ensino; c) por que um projeto promissor foi abortado. A pesquisa incluirá: a) análise de arquivos mortos da esdi; b) entrevistas com contemporâneos ainda vivos.","Wandyr Hagge Siqueira"
" FORMAÇÃO DOCENTE E A ARTICULAÇÃO ENTRE OS DIFERENTES ESPAÇOS FORMATIVOS: O QUE DIZEM AS PESQUISAS SOBRE O TERCEIRO ESPAÇO DE FORMAÇÃO?","A pesquisa de natureza qualitativa tem como objetivo analisar a produção acadêmica acerca experiências inovadoras sobre o terceiro espaço de formação docente buscando identificá-las no país e na américa latina. O quadro teórico é delineado a partir dois eixos temáticos: a) articulação entre espaços formativos mediante as contribuições de jaime trilla maria da glória gohn mariano enguita e paulo freire e b) terceiro espaço de formação a partir de antônio nóvoa e kenneth zeichner.","Wânia Regina Coutinho Gonzalez"
"EDUCAÇÃO COTIDIANO E PODER: OS ESTRANGEIRADOS E O REFORMISMO ILUSTRADO EM PORTUGAL (1715-1777)","O projeto em tela pretende estudar o pensamento dos estrangeirados o reformismo ilustrado e a sua influência em portugal entre 1715 e 1777 tendo como objeto a educação o cotidiano e o poder.","Washington Dener Dos Santos Cunha"
"VIRIARCADO E PODER PASTORAL A PARTIR DE HAGIOGRAFIAS DE SANTAS DURANTE O CONTEXTO DE ASCENÇÃO DO EPISCOPADO MONÁRQUICO NA PRIMEIRA IDADE MÉDIA ORIENTAL (SÉCULOS IV-VI)","Analisaremos 8 vidas de santas cristãs do império bizantino entre os séculos iv e vi escritas por homens associados à igreja. Consideraremos as reflexões teóricas sobre os gêneros coadunadas aquelas sobre o viriarcado para a consideração histórica do gênero. Intentamos ligar as caracterizações de gênero presentes nas hagiografias ao processo histórico de afirmação do poder público dos bispos alguns inclusive hagiógrafos.","Wendell Dos Reis Veloso"
